Series Name,Series Code,Country Name,Country Code,2011 [YR2011],2012 [YR2012],2013 [YR2013],2014 [YR2014],2015 [YR2015],2016 [YR2016],2017 [YR2017],2018 [YR2018],2019 [YR2019],2020 [YR2020]
"Population, female",SP.POP.TOTL.FE.IN,Afghanistan,AFG,14702050,15196504,15715314,16232001,16727437,17196034,17644126,18078879,18512030,18952076
"Population, female",SP.POP.TOTL.FE.IN,Albania,ALB,1438949,1433116,1426832,1420670,1414246,1410814,1409327,1406333,1401011,1393417
"Population, female",SP.POP.TOTL.FE.IN,Algeria,DZA,18155827,18512336,18884019,19268759,19664129,20069497,20482418,20896422,21303388,21697235
"Population, female",SP.POP.TOTL.FE.IN,American Samoa,ASM,..,..,..,..,..,..,..,..,..,..
"Population, female",SP.POP.TOTL.FE.IN,Andorra,AND,..,..,..,..,..,..,..,..,..,..
"Population, female",SP.POP.TOTL.FE.IN,Angola,AGO,12245836,12694373,13151985,13618285,14093136,14576127,15067450,15568328,16080520,16605398
"Population, female",SP.POP.TOTL.FE.IN,Antigua and Barbuda,ATG,46487,47034,47559,48060,48543,49002,49439,49863,50264,50659
"Population, female",SP.POP.TOTL.FE.IN,Arab World,ARB,175384870,179326140,183297548,187242559,191123779,194912155,198619733,202328788,206119753,210055400
"Population, female",SP.POP.TOTL.FE.IN,Argentina,ARG,21178884,21415097,21650186,21883730,22115261,22344847,22572521,22797803,23020216,23239321
"Population, female",SP.POP.TOTL.FE.IN,Armenia,ARM,1530148,1532984,1538334,1544503,1550226,1555133,1559427,1563141,1566459,1569487
"Population, female",SP.POP.TOTL.FE.IN,Aruba,ABW,53402,53695,54050,54408,54742,55044,55328,55602,55867,56124
"Population, female",SP.POP.TOTL.FE.IN,Australia,AUS,11172755,11378171,11586371,11770519,11948693,12141288,12349632,12541215,12733486,12895213
"Population, female",SP.POP.TOTL.FE.IN,Austria,AUT,4299034,4315556,4337527,4367372,4411651,4453787,4478340,4493586,4507562,4521483
"Population, female",SP.POP.TOTL.FE.IN,Azerbaijan,AZE,4624010,4681717,4738628,4794145,4847591,4898038,4942298,4981391,5020148,5059967
"Population, female",SP.POP.TOTL.FE.IN,"Bahamas, The",BHS,185312,187327,189106,190815,192592,194446,196365,198313,200256,202155
"Population, female",SP.POP.TOTL.FE.IN,Bahrain,BHR,482116,493912,503660,513533,525097,538855,554227,570464,586367,601109
"Population, female",SP.POP.TOTL.FE.IN,Bangladesh,BGD,73463440,74361840,75256812,76149165,77039130,77928241,78816353,79699596,80572382,81430275
"Population, female",SP.POP.TOTL.FE.IN,Barbados,BRB,147110,147358,147525,147656,147779,147896,148006,148115,148208,148287
"Population, female",SP.POP.TOTL.FE.IN,Belarus,BLR,5069597,5064366,5063837,5066924,5073849,5079571,5077542,5069504,5034023,5022987
"Population, female",SP.POP.TOTL.FE.IN,Belgium,BEL,5617613,5653189,5679989,5703536,5732314,5753945,5766141,5781326,5802420,5828325
"Population, female",SP.POP.TOTL.FE.IN,Belize,BLZ,165121,169084,173008,176919,180791,184647,188479,192273,196070,199860
"Population, female",SP.POP.TOTL.FE.IN,Benin,BEN,4759222,4890899,5025698,5163932,5305830,5451503,5600895,5753796,5909895,6068950
"Population, female",SP.POP.TOTL.FE.IN,Bermuda,BMU,..,..,..,..,..,..,..,..,..,..
"Population, female",SP.POP.TOTL.FE.IN,Bhutan,BTN,328979,332656,336413,340164,343867,347496,351064,354586,358062,361525
"Population, female",SP.POP.TOTL.FE.IN,Bolivia,BOL,5075025,5157863,5240835,5323698,5406288,5488505,5570366,5651979,5733491,5815010
"Population, female",SP.POP.TOTL.FE.IN,Bosnia and Herzegovina,BIH,1863814,1835725,1804557,1774341,1748019,1726540,1709262,1695554,1684199,1674206
"Population, female",SP.POP.TOTL.FE.IN,Botswana,BWA,1031977,1047927,1063856,1080798,1099500,1120211,1142607,1166046,1189587,1212526
"Population, female",SP.POP.TOTL.FE.IN,Brazil,BRA,100129355,101066961,101992473,102907992,103814243,104712864,105601737,106473081,107316359,108123626
"Population, female",SP.POP.TOTL.FE.IN,British Virgin Islands,VGB,..,..,..,..,..,..,..,..,..,..
"Population, female",SP.POP.TOTL.FE.IN,Brunei Darussalam,BRN,189944,192127,194417,196756,199086,201415,203753,206056,208314,210496
"Population, female",SP.POP.TOTL.FE.IN,Bulgaria,BGR,3770298,3749213,3729310,3709343,3686934,3662344,3636886,3611859,3587537,3563441
"Population, female",SP.POP.TOTL.FE.IN,Burkina Faso,BFA,8100461,8339523,8584578,8835398,9091844,9353835,9621388,9894592,10173609,10458565
"Population, female",SP.POP.TOTL.FE.IN,Burundi,BDI,4528952,4672691,4819833,4971727,5129299,5292745,5461514,5634849,5811589,5990917
"Population, female",SP.POP.TOTL.FE.IN,Cabo Verde,CPV,249091,251994,255181,258457,261670,264791,267873,270898,273900,276871
"Population, female",SP.POP.TOTL.FE.IN,Cambodia,KHM,7454416,7574842,7699564,7825697,7950994,8074999,8198027,8319567,8439178,8556547
"Population, female",SP.POP.TOTL.FE.IN,Cameroon,CMR,10468054,10755870,11050423,11351123,11657496,11969336,12286573,12609010,12936459,13268789
"Population, female",SP.POP.TOTL.FE.IN,Canada,CAN,17303497,17494958,17683847,17864828,17999309,18202997,18419765,18677710,18939365,19142488
"Population, female",SP.POP.TOTL.FE.IN,Caribbean small states,CSS,3478492,3503211,3528134,3552848,3576969,3600422,3623204,3645305,3666800,3687636
"Population, female",SP.POP.TOTL.FE.IN,Cayman Islands,CYM,..,..,..,..,..,..,..,..,..,..
"Population, female",SP.POP.TOTL.FE.IN,Central African Republic,CAF,2230666,2239125,2244484,2252275,2266606,2288847,2318147,2353555,2393206,2435722
"Population, female",SP.POP.TOTL.FE.IN,Central Europe and the Baltics,CEB,53861514,53718055,53581251,53447753,53307441,53158783,53019188,52910281,52834715,52752577
"Population, female",SP.POP.TOTL.FE.IN,Chad,TCD,6194441,6406230,6624061,6845615,7069237,7294423,7521758,7752004,7986360,8225689
"Population, female",SP.POP.TOTL.FE.IN,Channel Islands,CHI,81623,82104,82560,83062,83671,84408,85256,86150,87010,87789
"Population, female",SP.POP.TOTL.FE.IN,Chile,CHL,8752531,8837489,8924483,9019145,9124556,9243814,9373183,9500750,9610261,9690540
"Population, female",SP.POP.TOTL.FE.IN,China,CHN,653422748,656677290,660023537,663493378,667009225,670780903,674707818,677972245,680596325,682951049
"Population, female",SP.POP.TOTL.FE.IN,Colombia,COL,23288625,23500706,23715462,23954672,24231886,24556894,24919763,25290276,25626250,25898320
"Population, female",SP.POP.TOTL.FE.IN,Comoros,COM,350390,358914,367616,376437,385346,394323,403368,412488,421681,430942
"Population, female",SP.POP.TOTL.FE.IN,"Congo, Dem. Rep.",COD,33510549,34635680,35796890,36993480,38224572,39489787,40787891,42116217,43471465,44851232
"Population, female",SP.POP.TOTL.FE.IN,"Congo, Rep.",COG,2206804,2263417,2318674,2374824,2433522,2495201,2559385,2625622,2693146,2761414
"Population, female",SP.POP.TOTL.FE.IN,Costa Rica,CRI,2312869,2340768,2368302,2395474,2422275,2448697,2474720,2500214,2525022,2549038
"Population, female",SP.POP.TOTL.FE.IN,Cote d'Ivoire,CIV,10360527,10625267,10900328,11185031,11478829,11781686,12093608,12414060,12742348,13077895
"Population, female",SP.POP.TOTL.FE.IN,Croatia,HRV,2219546,2213678,2208465,2200161,2182274,2166691,2139934,2119654,2106578,2095905
"Population, female",SP.POP.TOTL.FE.IN,Cuba,CUB,5649261,5660661,5674335,5687218,5697027,5703178,5706299,5706812,5705556,5703148
"Population, female",SP.POP.TOTL.FE.IN,Curacao,CUW,81662,82412,83375,84504,85606,86480,86707,86194,85105,83724
"Population, female",SP.POP.TOTL.FE.IN,Cyprus,CYP,563479,568305,572061,575624,579592,584159,589134,594287,599277,603847
"Population, female",SP.POP.TOTL.FE.IN,Czech Republic,CZE,5340831,5346869,5348559,5354302,5364266,5373114,5385332,5400916,5419777,5431340
"Population, female",SP.POP.TOTL.FE.IN,Denmark,DNK,2805142,2814288,2824671,2837901,2857267,2879322,2897965,2912704,2923597,2932556
"Population, female",SP.POP.TOTL.FE.IN,Djibouti,DJI,397940,404927,413398,422312,430881,438940,446703,454211,461610,469009
"Population, female",SP.POP.TOTL.FE.IN,Dominica,DMA,..,..,..,..,..,..,..,..,..,..
"Population, female",SP.POP.TOTL.FE.IN,Dominican Republic,DOM,4890693,4951906,5012859,5073656,5134308,5194798,5254937,5314402,5372759,5429698
"Population, female",SP.POP.TOTL.FE.IN,Early-demographic dividend,EAR,1446916732,1468227133,1489472543,1510638086,1531698598,1552614909,1573372957,1594049611,1614705840,1635356268
"Population, female",SP.POP.TOTL.FE.IN,East Asia & Pacific,EAS,1093951301,1101537841,1109231406,1117065833,1124879040,1132819197,1140756183,1147959724,1154401191,1160314757
"Population, female",SP.POP.TOTL.FE.IN,East Asia & Pacific (excluding high income),EAP,971720128,978871146,986175302,993585975,1000966947,1008509747,1016125490,1023003931,1029184619,1035050503
"Population, female",SP.POP.TOTL.FE.IN,East Asia & Pacific (IDA & IBRD),TEA,959104149,966192156,973432453,980779359,988097365,995577927,1003131942,1009949653,1016071223,1021880067
"Population, female",SP.POP.TOTL.FE.IN,Ecuador,ECU,7608327,7724581,7842413,7965751,8097063,8237882,8386318,8537161,8683170,8819233
"Population, female",SP.POP.TOTL.FE.IN,"Egypt, Arab Rep.",EGY,41822894,42753933,43730649,44727504,45724871,46717301,47706815,48690128,49665477,50631541
"Population, female",SP.POP.TOTL.FE.IN,El Salvador,SLV,3275742,3294183,3312806,3331687,3350892,3370447,3390314,3410312,3430197,3449777
"Population, female",SP.POP.TOTL.FE.IN,Equatorial Guinea,GNQ,447795,465874,484414,503346,522589,542111,561894,581912,602159,622605
"Population, female",SP.POP.TOTL.FE.IN,Eritrea,ERI,1607405,..,..,..,..,..,..,..,..,..
"Population, female",SP.POP.TOTL.FE.IN,Estonia,EST,708917,706072,703157,700674,700146,698980,698154,698776,699682,700461
"Population, female",SP.POP.TOTL.FE.IN,Eswatini,SWZ,565141,566906,568304,569814,571808,574397,577530,581192,585343,589928
"Population, female",SP.POP.TOTL.FE.IN,Ethiopia,ETH,45150001,46426769,47737068,49072577,50426864,51797604,53185201,54589146,56009719,57446748
"Population, female",SP.POP.TOTL.FE.IN,Euro area,EMU,171743939,172120855,172699612,173270760,173749423,174187217,174474165,174763955,174819588,175074665
"Population, female",SP.POP.TOTL.FE.IN,Europe & Central Asia,ECS,458717121,460487279,462570754,464674292,466742892,468729369,470448961,472000553,473207004,474410940
"Population, female",SP.POP.TOTL.FE.IN,Europe & Central Asia (excluding high income),ECA,208298683,209419231,210654534,211882291,213141073,214348719,215459838,216430250,217304511,218012739
"Population, female",SP.POP.TOTL.FE.IN,Europe & Central Asia (IDA & IBRD),TEC,230172363,231277097,232483508,233677579,234898061,236078526,237165686,238118561,238978369,239671076
"Population, female",SP.POP.TOTL.FE.IN,European Union,EUU,225875226,226182177,226699908,227220503,227650560,228051160,228313071,228584066,228627883,228845087
"Population, female",SP.POP.TOTL.FE.IN,Faroe Islands,FRO,..,..,..,..,..,..,..,..,..,..
"Population, female",SP.POP.TOTL.FE.IN,Fiji,FJI,422919,424107,424843,425740,427260,429493,432310,435565,438996,442426
"Population, female",SP.POP.TOTL.FE.IN,Finland,FIN,2742371,2753865,2764999,2774944,2782702,2789446,2794857,2797516,2799598,2803244
"Population, female",SP.POP.TOTL.FE.IN,Fragile and conflict affected situations,FCS,376474425,385816796,395300093,404845280,414405979,423939238,433481218,443194766,453270846,463846503
"Population, female",SP.POP.TOTL.FE.IN,France,FRA,33686256,33845372,34017119,34178119,34302345,34399175,34508584,34614021,34698686,34777344
"Population, female",SP.POP.TOTL.FE.IN,French Polynesia,PYF,130837,131705,132631,133562,134452,135302,136140,136961,137793,138643
"Population, female",SP.POP.TOTL.FE.IN,Gabon,GAB,830699,861328,893274,925129,955859,985073,1012977,1039899,1066386,1092874
"Population, female",SP.POP.TOTL.FE.IN,"Gambia, The",GMB,931060,959817,989462,1019942,1051160,1083106,1115804,1149215,1183332,1218124
"Population, female",SP.POP.TOTL.FE.IN,Georgia,GEO,1966089,1950656,1943649,1943635,1946270,1947584,1948480,1948659,1946307,1943920
"Population, female",SP.POP.TOTL.FE.IN,Germany,DEU,40903005,40956600,41043963,41187119,41511610,41808130,41919970,42000374,42053302,42093236
"Population, female",SP.POP.TOTL.FE.IN,Ghana,GHA,12543077,12840075,13138221,13439246,13744367,14053716,14366665,14682873,15001772,15322946
"Population, female",SP.POP.TOTL.FE.IN,Gibraltar,GIB,..,..,..,..,..,..,..,..,..,..
"Population, female",SP.POP.TOTL.FE.IN,Greece,GRC,5653410,5624374,5583564,5545785,5508921,5486068,5475485,5464776,5459276,5456162
"Population, female",SP.POP.TOTL.FE.IN,Greenland,GRL,..,..,..,..,..,..,..,..,..,..
"Population, female",SP.POP.TOTL.FE.IN,Grenada,GRD,52821,53164,53548,53939,54314,54665,54983,55287,55576,55853
"Population, female",SP.POP.TOTL.FE.IN,Guam,GUM,78597,78815,79087,79451,79934,80538,81252,82047,82858,83643
"Population, female",SP.POP.TOTL.FE.IN,Guatemala,GTM,7386480,7516771,7647888,7779044,7909392,8039125,8168449,8297605,8425530,8552130
"Population, female",SP.POP.TOTL.FE.IN,Guinea,GIN,5450929,5568785,5690062,5818608,5957128,6106627,6266010,6433224,6605171,6779558
"Population, female",SP.POP.TOTL.FE.IN,Guinea-Bissau,GNB,804636,825548,847112,869094,891313,913702,936281,959059,982054,1005303
"Population, female",SP.POP.TOTL.FE.IN,Guyana,GUY,378715,379930,381144,382395,383716,385101,386540,388008,389504,391010
"Population, female",SP.POP.TOTL.FE.IN,Haiti,HTI,5117317,5192578,5267506,5342001,5415970,5489355,5562083,5634138,5705483,5776088
"Population, female",SP.POP.TOTL.FE.IN,Heavily indebted poor countries (HIPC),HPC,322458787,331541196,340876212,350457783,360278753,370341386,380639799,391147790,401831117,412664816
"Population, female",SP.POP.TOTL.FE.IN,High income,HIC,583625458,586824901,590104786,593472488,596705596,599874103,602606966,605123010,607263564,609111672
"Population, female",SP.POP.TOTL.FE.IN,Honduras,HND,4249670,4329000,4407287,4485195,4563218,4641497,4719923,4798492,4877121,4955728
"Population, female",SP.POP.TOTL.FE.IN,"Hong Kong SAR, China",HKG,3756506,3808024,3832276,3867733,3909083,3941508,3978989,4018506,4056162,4049102
"Population, female",SP.POP.TOTL.FE.IN,Hungary,HUN,5239155,5210802,5194900,5179290,5165373,5148625,5133501,5125566,5121750,5108915
"Population, female",SP.POP.TOTL.FE.IN,IBRD only,IBD,2204201055,2226225817,2248474632,2270669428,2292651787,2314559563,2336246389,2356822917,2376315802,2395094423
"Population, female",SP.POP.TOTL.FE.IN,Iceland,ISL,158355,159343,161042,163018,164840,167175,171121,175696,179525,182375
"Population, female",SP.POP.TOTL.FE.IN,IDA & IBRD total,IBT,2899999805,2937896363,2976277308,3014947378,3053802057,3092977708,3132300847,3170906441,3208832429,3246419008
"Population, female",SP.POP.TOTL.FE.IN,IDA blend,IDB,230359556,235807878,241364771,247032207,252796507,258645274,264567010,270574126,276675894,282852973
"Population, female",SP.POP.TOTL.FE.IN,IDA only,IDX,465439194,475862668,486437905,497245743,508353763,519772871,531487448,543509398,555840733,568471612
"Population, female",SP.POP.TOTL.FE.IN,IDA total,IDA,695798750,711670546,727802676,744277950,761150270,778418145,796054458,814083524,832516627,851324585
"Population, female",SP.POP.TOTL.FE.IN,India,IND,599851346,607359892,614676458,621852998,628929060,635912563,642796257,649586703,656288184,662903415
"Population, female",SP.POP.TOTL.FE.IN,Indonesia,IDN,121616719,123270656,124949892,126618711,128250415,129835522,131378183,132882052,134355806,135805760
"Population, female",SP.POP.TOTL.FE.IN,"Iran, Islamic Rep.",IRN,37012837,37427003,37841907,38281566,38762065,39289457,39854902,40441309,41024003,41584547
"Population, female",SP.POP.TOTL.FE.IN,Iraq,IRQ,15204594,15778329,16401828,17018736,17588528,18097667,18558853,18989537,19417975,19864725
"Population, female",SP.POP.TOTL.FE.IN,Ireland,IRL,2306846,2319082,2333444,2352024,2374896,2401335,2426140,2454369,2486201,2515113
"Population, female",SP.POP.TOTL.FE.IN,Isle of Man,IMN,..,..,..,..,..,..,..,..,..,..
"Population, female",SP.POP.TOTL.FE.IN,Israel,ISR,3927993,3998134,4069967,4145229,4224621,4304840,4385803,4467882,4550763,4629378
"Population, female",SP.POP.TOTL.FE.IN,Italy,ITA,30647051,30716752,31053693,31315785,31262660,31188515,31121471,31042688,30667514,30558291
"Population, female",SP.POP.TOTL.FE.IN,Jamaica,JAM,1420363,1428546,1437226,1445931,1454324,1462325,1470007,1477400,1484557,1491520
"Population, female",SP.POP.TOTL.FE.IN,Japan,JPN,65322325,65232461,65150796,65075452,65016722,64951468,64853783,64731350,64605360,64395674
"Population, female",SP.POP.TOTL.FE.IN,Jordan,JOR,3762256,3978958,4196092,4397998,4573163,4717553,4833068,4921841,4988482,5037161
"Population, female",SP.POP.TOTL.FE.IN,Kazakhstan,KAZ,8550670,8669275,8792736,8920772,9049058,9174836,9296108,9414472,9532235,9652308
"Population, female",SP.POP.TOTL.FE.IN,Kenya,KEN,21737158,22321708,22912189,23504483,24095730,24684280,25271004,25858696,26451585,27052773
"Population, female",SP.POP.TOTL.FE.IN,Kiribati,KIR,53218,54067,54867,55647,56436,57251,58066,58904,59786,60702
"Population, female",SP.POP.TOTL.FE.IN,"Korea, Dem. People's Rep.",PRK,12615979,12678990,12742849,12806616,12869582,12931820,12993548,13054278,13113396,13170436
"Population, female",SP.POP.TOTL.FE.IN,"Korea, Rep.",KOR,24917629,25048343,25160944,25318368,25452787,25556626,25632820,25760422,25817405,25858715
"Population, female",SP.POP.TOTL.FE.IN,Kosovo,XKX,..,..,..,..,..,..,..,..,..,..
"Population, female",SP.POP.TOTL.FE.IN,Kuwait,KWT,1335807,1408485,1476160,1534201,1579599,1610201,1627387,1636232,1644022,1656117
"Population, female",SP.POP.TOTL.FE.IN,Kyrgyz Republic,KGZ,2789416,2835593,2891331,2948851,3009509,3071223,3131308,3194586,3262337,3330985
"Population, female",SP.POP.TOTL.FE.IN,Lao PDR,LAO,3192854,3233528,3273473,3315124,3360147,3409178,3461499,3515875,3570428,3623762
"Population, female",SP.POP.TOTL.FE.IN,Late-demographic dividend,LTE,1085253072,1091763541,1098492980,1105357303,1112201775,1119260507,1126374222,1132605640,1138047762,1142902500
"Population, female",SP.POP.TOTL.FE.IN,Latin America & Caribbean,LCN,302444148,305833180,309199855,312518518,315783568,318990471,322134722,325196640,328271450,331289258
"Population, female",SP.POP.TOTL.FE.IN,Latin America & Caribbean (excluding high income),LAC,274306424,277375325,280442613,283537109,286674034,289868532,293101426,296313124,299420872,302366378
"Population, female",SP.POP.TOTL.FE.IN,Latin America & Caribbean (IDA & IBRD),TLA,294358376,297754837,301124813,304455817,307737675,310967324,314145237,317270579,320342271,323359375
"Population, female",SP.POP.TOTL.FE.IN,Latvia,LVA,1116580,1102797,1090922,1080377,1071036,1060500,1050132,1040870,1032613,1025139
"Population, female",SP.POP.TOTL.FE.IN,Least developed countries: UN classification,LDC,430293469,440669094,451292797,462142984,473201675,484467201,495939053,507600624,519431482,531415790
"Population, female",SP.POP.TOTL.FE.IN,Lebanon,LBN,2565380,2737182,2928916,3106446,3244861,3337135,3390062,3409524,3406463,3389696
"Population, female",SP.POP.TOTL.FE.IN,Lesotho,LSO,1027842,1031206,1035656,1041000,1047082,1053896,1061370,1069278,1077323,1085302
"Population, female",SP.POP.TOTL.FE.IN,Liberia,LBR,2005232,2063459,2118813,2173342,2228589,2284705,2341202,2398322,2456258,2515138
"Population, female",SP.POP.TOTL.FE.IN,Libya,LBY,3064110,3089182,3112114,3137853,3169825,3209343,3255123,3304807,3354834,3402550
"Population, female",SP.POP.TOTL.FE.IN,Liechtenstein,LIE,..,..,..,..,..,..,..,..,..,..
"Population, female",SP.POP.TOTL.FE.IN,Lithuania,LTU,1635290,1613861,1597355,1582988,1567189,1546111,1523077,1507005,1501699,1501199
"Population, female",SP.POP.TOTL.FE.IN,Low & middle income,LMY,2872560881,2910255995,2948473641,2987051420,3025909027,3065186260,3104692994,3143519412,3181612183,3219257641
"Population, female",SP.POP.TOTL.FE.IN,Low income,LIC,265176164,271997025,278882362,285934197,293229904,300783327,308581240,316639810,324971017,333577700
"Population, female",SP.POP.TOTL.FE.IN,Lower middle income,LMC,1434229983,1456355917,1478688265,1501071187,1523561385,1546086747,1568607139,1591113902,1613539076,1635881959
"Population, female",SP.POP.TOTL.FE.IN,Luxembourg,LUX,260360,266145,271788,277680,283726,289340,295911,301174,306733,312502
"Population, female",SP.POP.TOTL.FE.IN,"Macao SAR, China",MAC,286278,293154,300214,307020,313252,318789,323748,328312,332740,337242
"Population, female",SP.POP.TOTL.FE.IN,Madagascar,MDG,10911027,11211590,11517928,11831212,12152289,12481481,12818661,13163713,13516377,13876400
"Population, female",SP.POP.TOTL.FE.IN,Malawi,MWI,7598612,7817021,8039829,8266066,8495171,8726571,8960635,9198885,9443471,9695918
"Population, female",SP.POP.TOTL.FE.IN,Malaysia,MYS,13870044,14076071,14278481,14480879,14685798,14893934,15104343,15315852,15526625,15735185
"Population, female",SP.POP.TOTL.FE.IN,Maldives,MDV,170246,173599,177005,180346,183547,186567,189425,192177,194887,197614
"Population, female",SP.POP.TOTL.FE.IN,Mali,MLI,7762521,7993442,8227526,8468385,8718647,8979115,9249030,9527621,9813486,10105660
"Population, female",SP.POP.TOTL.FE.IN,Malta,MLT,209383,210896,213461,217382,222330,227271,233468,241701,251351,261869
"Population, female",SP.POP.TOTL.FE.IN,Marshall Islands,MHL,..,..,..,..,..,..,..,..,..,..
"Population, female",SP.POP.TOTL.FE.IN,Mauritania,MRT,1798640,1851740,1906310,1962065,2018756,2076282,2134662,2193847,2253855,2314679
"Population, female",SP.POP.TOTL.FE.IN,Mauritius,MUS,631620,633399,634864,636163,637251,638052,639078,639954,640695,641234
"Population, female",SP.POP.TOTL.FE.IN,Mexico,MEX,59086044,59898832,60701892,61491303,62264080,63018020,63752823,64469963,65172136,65861267
"Population, female",SP.POP.TOTL.FE.IN,"Micronesia, Fed. Sts.",FSM,50937,51446,52122,52855,53543,54189,54793,55368,55944,56541
"Population, female",SP.POP.TOTL.FE.IN,Middle East & North Africa,MEA,190470235,194243295,198030509,201801704,205536024,209205773,212814637,216428633,220102343,223874467
"Population, female",SP.POP.TOTL.FE.IN,Middle East & North Africa (excluding high income),MNA,168155595,171192451,174257251,177348465,180465698,183598106,186740403,189932241,193192029,196537067
"Population, female",SP.POP.TOTL.FE.IN,Middle East & North Africa (IDA & IBRD),TMN,166242635,169231781,172249084,175292766,178362335,181446771,184545542,187680703,190882896,194169576
"Population, female",SP.POP.TOTL.FE.IN,Middle income,MIC,2607384717,2638258970,2669591279,2701117223,2732679123,2764402933,2796111754,2826879602,2856641166,2885679941
"Population, female",SP.POP.TOTL.FE.IN,Moldova,MDA,1484449,1484136,1483913,1483413,1472334,1456244,1432683,1409234,1386811,1364089
"Population, female",SP.POP.TOTL.FE.IN,Monaco,MCO,..,..,..,..,..,..,..,..,..,..
"Population, female",SP.POP.TOTL.FE.IN,Mongolia,MNG,1397297,1425659,1455446,1485885,1516358,1546658,1576728,1606333,1635234,1663253
"Population, female",SP.POP.TOTL.FE.IN,Montenegro,MNE,313736,313920,314182,314468,314622,314666,314683,314592,314469,314292
"Population, female",SP.POP.TOTL.FE.IN,Morocco,MAR,16609017,16826156,17046813,17269399,17492569,17715791,17938664,18160047,18378703,18593671
"Population, female",SP.POP.TOTL.FE.IN,Mozambique,MOZ,12511359,12852030,13204033,13569528,13949963,14346169,14757711,15183127,15620192,16067200
"Population, female",SP.POP.TOTL.FE.IN,Myanmar,MMR,26410740,26632792,26860456,27081937,27289147,27478828,27654918,27825150,28000756,28189604
"Population, female",SP.POP.TOTL.FE.IN,Namibia,NAM,1114054,1133400,1153085,1173378,1194451,1216363,1238996,1262189,1285662,1309233
"Population, female",SP.POP.TOTL.FE.IN,Nauru,NRU,..,..,..,..,..,..,..,..,..,..
"Population, female",SP.POP.TOTL.FE.IN,Nepal,NPL,13877399,14044548,14221340,14411527,14617070,14839974,15077724,15322093,15561762,15788373
"Population, female",SP.POP.TOTL.FE.IN,Netherlands,NLD,8401899,8431597,8455043,8483667,8518825,8560955,8607750,8653884,8706652,8751402
"Population, female",SP.POP.TOTL.FE.IN,New Caledonia,NCL,126179,128449,130720,132886,133218,133590,133988,134408,134837,135263
"Population, female",SP.POP.TOTL.FE.IN,New Zealand,NZL,2230453,2241928,2258608,2295996,2342960,2396121,2446845,2491356,2531675,2585329
"Population, female",SP.POP.TOTL.FE.IN,Nicaragua,NIC,2995158,3035243,3075329,3115567,3156054,3196840,3237844,3278831,3319519,3359705
"Population, female",SP.POP.TOTL.FE.IN,Niger,NER,8556418,8890161,9237798,9598588,9972036,10358188,10757444,11170022,11596258,12036471
"Population, female",SP.POP.TOTL.FE.IN,Nigeria,NGA,80445630,82609445,84829345,87099897,89416890,91778862,94185842,96636957,99131729,101669950
"Population, female",SP.POP.TOTL.FE.IN,North America,NAC,174963503,176264967,177503656,178811262,180095091,181448935,182682461,183796416,184806690,185591988
"Population, female",SP.POP.TOTL.FE.IN,North Macedonia,MKD,1036475,1037099,1037709,1038327,1038935,1039568,1040211,1040780,1041153,1041249
"Population, female",SP.POP.TOTL.FE.IN,Northern Mariana Islands,MNP,..,..,..,..,..,..,..,..,..,..
"Population, female",SP.POP.TOTL.FE.IN,Norway,NOR,2473069,2501872,2528608,2553889,2576388,2596542,2615346,2630707,2646723,2660602
"Population, female",SP.POP.TOTL.FE.IN,OECD members,OED,660859050,664888214,669078094,673446552,677759304,682126445,686184872,690048213,693344574,696269064
"Population, female",SP.POP.TOTL.FE.IN,Oman,OMN,1252026,1305847,1365279,1425908,1484395,1539787,1592566,1642702,1690544,1736392
"Population, female",SP.POP.TOTL.FE.IN,Other small states,OSS,12666421,12901346,13141161,13385287,13634104,13883518,14137436,14395696,14654784,14913110
"Population, female",SP.POP.TOTL.FE.IN,Pacific island small states,PSS,1055413,1068882,1082358,1096342,1111230,1127103,1143811,1161232,1179109,1197245
"Population, female",SP.POP.TOTL.FE.IN,Pakistan,PAK,88917077,90847991,92797250,94774652,96786262,98833941,100912342,103011525,105117736,107220324
"Population, female",SP.POP.TOTL.FE.IN,Palau,PLW,..,..,..,..,..,..,..,..,..,..
"Population, female",SP.POP.TOTL.FE.IN,Panama,PAN,1844847,1877451,1910409,1943936,1978158,2013130,2048694,2084482,2120006,2154888
"Population, female",SP.POP.TOTL.FE.IN,Papua New Guinea,PNG,3668765,3745032,3820350,3896120,3973383,4052305,4132522,4213891,4296108,4378955
"Population, female",SP.POP.TOTL.FE.IN,Paraguay,PRY,3111467,3153912,3197206,3241014,3285105,3329476,3374176,3419020,3463751,3508170
"Population, female",SP.POP.TOTL.FE.IN,Peru,PER,14681706,14816488,14965316,15137234,15337374,15570375,15831044,16102678,16362221,16593240
"Population, female",SP.POP.TOTL.FE.IN,Philippines,PHL,47365188,48198297,49051547,49899689,50724446,51520471,52293623,53050171,53800550,54552260
"Population, female",SP.POP.TOTL.FE.IN,Poland,POL,19654134,19644188,19620509,19595127,19574714,19563116,19565914,19568657,19567280,19562432
"Population, female",SP.POP.TOTL.FE.IN,Portugal,PRT,5517359,5507126,5488215,5468262,5452971,5440467,5429333,5420804,5421171,5430030
"Population, female",SP.POP.TOTL.FE.IN,Post-demographic dividend,PST,549538392,551758714,554085820,556500157,558870644,561228330,563187969,564990315,566339960,567453613
"Population, female",SP.POP.TOTL.FE.IN,Pre-demographic dividend,PRE,377158966,388197350,399553088,411157416,422959790,434944629,447123979,459507689,472115384,484961683
"Population, female",SP.POP.TOTL.FE.IN,Puerto Rico,PRI,1912488,1890356,1870160,1841666,1811763,1779794,1740556,1674917,1678215,1680643
"Population, female",SP.POP.TOTL.FE.IN,Qatar,QAT,474133,512271,549808,584693,615499,641459,662996,681381,698550,715925
"Population, female",SP.POP.TOTL.FE.IN,Romania,ROU,10363382,10311889,10266229,10221124,10169092,10110158,10053860,9998665,9949913,9908658
"Population, female",SP.POP.TOTL.FE.IN,Russian Federation,RUS,76684367,76832143,77008973,77184758,77337012,77468057,77546480,77529365,77482723,77312158
"Population, female",SP.POP.TOTL.FE.IN,Rwanda,RWA,5246075,5374743,5506169,5642837,5786418,5937449,6094897,6256912,6420852,6584778
"Population, female",SP.POP.TOTL.FE.IN,Samoa,WSM,90703,91465,92210,92891,93473,93934,94297,94644,95089,95707
"Population, female",SP.POP.TOTL.FE.IN,San Marino,SMR,..,..,..,..,..,..,..,..,..,..
"Population, female",SP.POP.TOTL.FE.IN,Sao Tome and Principe,STP,92212,94123,95965,97807,99667,101555,103476,105439,107437,109486
"Population, female",SP.POP.TOTL.FE.IN,Saudi Arabia,SAU,12335152,12693016,13050172,13383388,13676743,13922113,14126063,14305421,14484997,14682559
"Population, female",SP.POP.TOTL.FE.IN,Senegal,SEN,6691454,6883286,7080691,7282813,7488962,7698901,7912575,8129674,8349929,8573145
"Population, female",SP.POP.TOTL.FE.IN,Serbia,SRB,3688222,3670074,3652210,3635214,3617485,3598916,3580264,3561304,3542820,3524507
"Population, female",SP.POP.TOTL.FE.IN,Seychelles,SYC,42231,42650,43509,44277,45346,46004,46603,47079,47518,47960
"Population, female",SP.POP.TOTL.FE.IN,Sierra Leone,SLE,3296278,3370393,3445504,3521439,3598060,3675669,3754502,3834352,3914857,3995746
"Population, female",SP.POP.TOTL.FE.IN,Singapore,SGP,2473739,2531841,2572741,2606984,2638421,2672718,2674905,2687287,2718092,2709673
"Population, female",SP.POP.TOTL.FE.IN,Sint Maarten (Dutch part),SXM,..,..,..,..,..,..,..,..,..,..
"Population, female",SP.POP.TOTL.FE.IN,Slovak Republic,SVK,2779191,2783095,2785158,2786818,2788327,2790667,2793675,2796281,2799029,2800745
"Population, female",SP.POP.TOTL.FE.IN,Slovenia,SVN,1034190,1035591,1036687,1037549,1038090,1038477,1038723,1042032,1048857,1054342
"Population, female",SP.POP.TOTL.FE.IN,Small states,SST,17200326,17473439,17751653,18034477,18322303,18611043,18904451,19202233,19500693,19797991
"Population, female",SP.POP.TOTL.FE.IN,Solomon Islands,SLB,266474,273617,281064,288724,296556,304526,312654,320909,329239,337616
"Population, female",SP.POP.TOTL.FE.IN,Somalia,SOM,6196100,6367763,6543908,6725759,6914348,7110142,7313307,7524126,7742710,7969132
"Population, female",SP.POP.TOTL.FE.IN,South Africa,ZAF,26341727,26757264,27186808,27620134,28049365,28471936,28888314,29297427,29698965,30092678
"Population, female",SP.POP.TOTL.FE.IN,South Asia,SAS,801799450,812841807,823808646,834687441,845488839,856242004,866921159,877506768,887944625,898262751
"Population, female",SP.POP.TOTL.FE.IN,South Asia (IDA & IBRD),TSA,801799450,812841807,823808646,834687441,845488839,856242004,866921159,877506768,887944625,898262751
"Population, female",SP.POP.TOTL.FE.IN,South Sudan,SSD,4915971,5056517,5176380,5275534,5355171,5412867,5451281,5483166,5525584,5590715
"Population, female",SP.POP.TOTL.FE.IN,Spain,ESP,23661705,23710580,23671467,23635055,23640092,23669889,23723820,23818485,23977965,24079931
"Population, female",SP.POP.TOTL.FE.IN,Sri Lanka,LKA,10488913,10524777,10628054,10746588,10862466,10997188,11133868,11261209,11339582,11409149
"Population, female",SP.POP.TOTL.FE.IN,St. Kitts and Nevis,KNA,..,..,..,..,..,..,..,..,..,..
"Population, female",SP.POP.TOTL.FE.IN,St. Lucia,LCA,89119,89669,90095,90501,90920,91373,91838,92310,92774,93207
"Population, female",SP.POP.TOTL.FE.IN,St. Martin (French part),MAF,..,..,..,..,..,..,..,..,..,..
"Population, female",SP.POP.TOTL.FE.IN,St. Vincent and the Grenadines,VCT,53138,53176,53265,53399,53554,53758,53985,54233,54496,54729
"Population, female",SP.POP.TOTL.FE.IN,Sub-Saharan Africa,SSF,448322832,460598685,473178804,486054416,499217782,512665156,526391281,540380177,554613045,569076163
"Population, female",SP.POP.TOTL.FE.IN,Sub-Saharan Africa (excluding high income),SSA,448280601,460556035,473135295,486010139,499172436,512619152,526344678,540333098,554565527,569028203
"Population, female",SP.POP.TOTL.FE.IN,Sub-Saharan Africa (IDA & IBRD),TSS,448322832,460598685,473178804,486054416,499217782,512665156,526391281,540380177,554613045,569076163
"Population, female",SP.POP.TOTL.FE.IN,Sudan,SDN,17719718,18140461,18574540,19020771,19478321,19947203,20427932,20920586,21425281,21941974
"Population, female",SP.POP.TOTL.FE.IN,Suriname,SUR,265677,268755,271823,274853,277821,280733,283583,286364,289108,291812
"Population, female",SP.POP.TOTL.FE.IN,Sweden,SWE,4738799,4770395,4807653,4852495,4901217,4960573,5025514,5082090,5131863,5167175
"Population, female",SP.POP.TOTL.FE.IN,Switzerland,CHE,4011709,4050081,4092758,4139234,4183323,4226492,4263869,4293531,4322594,4352040
"Population, female",SP.POP.TOTL.FE.IN,Syrian Arab Republic,SYR,10449087,10134980,9709439,9280573,8931433,8675964,8503336,8441049,8515582,8740592
"Population, female",SP.POP.TOTL.FE.IN,Tajikistan,TJK,3812811,3900294,3992093,4088264,4188683,4293442,4401952,4512549,4623070,4731904
"Population, female",SP.POP.TOTL.FE.IN,Tanzania,TZA,22887321,23575682,24290238,25027953,25786500,26565525,27365425,28185448,29024840,29883105
"Population, female",SP.POP.TOTL.FE.IN,Thailand,THA,34451327,34636105,34816557,34990213,35155051,35310912,35457991,35595069,35720735,35833918
"Population, female",SP.POP.TOTL.FE.IN,Timor-Leste,TLS,550445,560232,570259,580675,591555,602951,614851,627121,639613,652200
"Population, female",SP.POP.TOTL.FE.IN,Togo,TGO,3322594,3411071,3501143,3592387,3684504,3777354,3871015,3965694,4061713,4159333
"Population, female",SP.POP.TOTL.FE.IN,Tonga,TON,51659,51287,50843,50505,50407,50589,51005,51586,52211,52793
"Population, female",SP.POP.TOTL.FE.IN,Trinidad and Tobago,TTO,674629,679168,683835,688380,692615,696476,699979,703139,705987,708544
"Population, female",SP.POP.TOTL.FE.IN,Tunisia,TUN,5392038,5452270,5513159,5575111,5638325,5702821,5768086,5833159,5896741,5957866
"Population, female",SP.POP.TOTL.FE.IN,Turkey,TUR,37330533,37942454,38584479,39235978,39879351,40514350,41138240,41728157,42255898,42702942
"Population, female",SP.POP.TOTL.FE.IN,Turkmenistan,TKM,2628449,2675610,2725077,2775337,2825213,2874284,2922583,2969961,3016406,3061877
"Population, female",SP.POP.TOTL.FE.IN,Turks and Caicos Islands,TCA,..,..,..,..,..,..,..,..,..,..
"Population, female",SP.POP.TOTL.FE.IN,Tuvalu,TUV,..,..,..,..,..,..,..,..,..,..
"Population, female",SP.POP.TOTL.FE.IN,Uganda,UGA,17051388,17602608,18177539,18790443,19449739,20161759,20918416,21696127,22462421,23194411
"Population, female",SP.POP.TOTL.FE.IN,Ukraine,UKR,24609941,24541510,24472263,24340622,24264557,24174765,24074287,23956826,23825336,23685780
"Population, female",SP.POP.TOTL.FE.IN,United Arab Emirates,ARE,2298030,2428283,2544751,2648905,2742042,2823141,2891724,2950609,3003720,3054051
"Population, female",SP.POP.TOTL.FE.IN,United Kingdom,GBR,32161519,32364469,32560344,32780144,33021393,33254646,33464674,33652378,33827559,34004276
"Population, female",SP.POP.TOTL.FE.IN,United States,USA,157660006,158770009,159819809,160946434,162095782,163245938,164262696,165118706,165867325,166449500
"Population, female",SP.POP.TOTL.FE.IN,Upper middle income,UMC,1173154734,1181903053,1190903014,1200046036,1209117738,1218316186,1227504615,1235765700,1243102090,1249797982
"Population, female",SP.POP.TOTL.FE.IN,Uruguay,URY,1745315,1750324,1755455,1760783,1766341,1772136,1778065,1784026,1789842,1795391
"Population, female",SP.POP.TOTL.FE.IN,Uzbekistan,UZB,14743327,14957457,15188192,15441602,15708087,15978186,16243957,16523318,16831656,17154565
"Population, female",SP.POP.TOTL.FE.IN,Vanuatu,VUT,119503,122893,126409,129980,133555,137121,140686,144256,147844,151460
"Population, female",SP.POP.TOTL.FE.IN,"Venezuela, RB",VEN,14482251,14726158,14945203,15089558,15128613,15040542,14849444,14626489,14470601,14451011
"Population, female",SP.POP.TOTL.FE.IN,Vietnam,VNM,44648193,45092770,45550533,46014709,46479616,46944163,47407628,47865095,48310756,48740329
"Population, female",SP.POP.TOTL.FE.IN,Virgin Islands (U.S.),VIR,56537,56534,56491,56434,56384,56309,56224,56108,55972,55802
"Population, female",SP.POP.TOTL.FE.IN,West Bank and Gaza,PSE,1912960,1960670,2008167,2055699,2103363,2151335,2194861,2251538,2309133,2367491
"Population, female",SP.POP.TOTL.FE.IN,World,WLD,3470668590,3511807054,3553523630,3595613466,3637743236,3680100905,3722149404,3763268911,3803346348,3842820324
"Population, female",SP.POP.TOTL.FE.IN,"Yemen, Rep.",YEM,11806655,12136525,12470750,12806509,13141685,13475302,13807512,14138669,14469638,14800983
"Population, female",SP.POP.TOTL.FE.IN,Zambia,ZMB,7096729,7317296,7547003,7782731,8022199,8264686,8510848,8761437,9017820,9280950
"Population, female",SP.POP.TOTL.FE.IN,Zimbabwe,ZWE,6755208,6874616,7001157,7126795,7245864,7356132,7459545,7559693,7662120,7770917
"Population, male",SP.POP.TOTL.MA.IN,Afghanistan,AFG,15415361,15964874,16554278,17138803,17686166,18186994,18651985,19093043,19529727,19976265
"Population, male",SP.POP.TOTL.MA.IN,Albania,ALB,1466246,1467285,1468260,1468434,1466457,1465287,1464130,1460043,1453180,1444326
"Population, male",SP.POP.TOTL.MA.IN,Algeria,DZA,18505611,18871563,19256116,19654929,20063891,20481901,20906756,21331993,21749666,22153808
"Population, male",SP.POP.TOTL.MA.IN,American Samoa,ASM,..,..,..,..,..,..,..,..,..,..
"Population, male",SP.POP.TOTL.MA.IN,Andorra,AND,..,..,..,..,..,..,..,..,..,..
"Population, male",SP.POP.TOTL.MA.IN,Angola,AGO,11974824,12413552,12863801,13323488,13791244,14266355,14749319,15241459,15744779,16260870
"Population, male",SP.POP.TOTL.MA.IN,Antigua and Barbuda,ATG,42763,43373,43951,44502,45028,45518,45986,46419,46851,47269
"Population, male",SP.POP.TOTL.MA.IN,Arab World,ARB,187771976,192111502,196398929,200657276,204904522,209130737,213323092,217523201,221750520,226025328
"Population, male",SP.POP.TOTL.MA.IN,Argentina,ARG,20082606,20318174,20552749,20785770,21016705,21245521,21472290,21696699,21918496,22137442
"Population, male",SP.POP.TOTL.MA.IN,Armenia,ARM,1346388,1351255,1359259,1367900,1375333,1381014,1385362,1388600,1391269,1393747
"Population, male",SP.POP.TOTL.MA.IN,Aruba,ABW,48648,48870,49115,49368,49597,49821,50033,50244,50443,50642
"Population, male",SP.POP.TOTL.MA.IN,Australia,AUS,11167269,11355294,11541758,11705167,11867302,12049619,12252228,12441473,12632259,12791828
"Population, male",SP.POP.TOTL.MA.IN,Austria,AUT,4092609,4114435,4142296,4178984,4231048,4282881,4319226,4346935,4372358,4395722
"Population, male",SP.POP.TOTL.MA.IN,Azerbaijan,AZE,4549072,4614067,4678173,4740934,4801750,4859774,4911735,4958380,5004135,5050149
"Population, male",SP.POP.TOTL.MA.IN,"Bahamas, The",BHS,174271,176254,178056,179810,181608,183477,185384,187322,189230,191093
"Population, male",SP.POP.TOTL.MA.IN,Bahrain,BHR,796037,806030,811369,822540,846756,886938,939850,998976,1054797,1100474
"Population, male",SP.POP.TOTL.MA.IN,Bangladesh,BGD,75809694,76643893,77504601,78368220,79217157,80048910,80869068,81677117,82473791,83259108
"Population, male",SP.POP.TOTL.MA.IN,Barbados,BRB,135877,136340,136769,137169,137548,137902,138223,138525,138813,139084
"Population, male",SP.POP.TOTL.MA.IN,Belarus,BLR,4403575,4400129,4402160,4407587,4415767,4421963,4420722,4413995,4383826,4375874
"Population, male",SP.POP.TOTL.MA.IN,Belgium,BEL,5420651,5453743,5479418,5505521,5541882,5577477,5609017,5645728,5686560,5727672
"Population, male",SP.POP.TOTL.MA.IN,Belize,BLZ,165115,168917,172699,176447,180135,183752,187296,190798,194281,197761
"Population, male",SP.POP.TOTL.MA.IN,Benin,BEN,4701607,4838355,4978896,5122907,5270132,5420569,5574297,5731239,5891256,6054248
"Population, male",SP.POP.TOTL.MA.IN,Bermuda,BMU,..,..,..,..,..,..,..,..,..,..
"Population, male",SP.POP.TOTL.MA.IN,Bhutan,BTN,364318,368926,373822,378889,384018,389210,394499,399810,405032,410087
"Population, male",SP.POP.TOTL.MA.IN,Bolivia,BOL,5137926,5219814,5301540,5382819,5463444,5543317,5622487,5701161,5779611,5858019
"Population, male",SP.POP.TOTL.MA.IN,Bosnia and Herzegovina,BIH,1797359,1769247,1738041,1707765,1681343,1659723,1642272,1628375,1616799,1606609
"Population, male",SP.POP.TOTL.MA.IN,Botswana,BWA,983429,991624,998695,1007821,1021216,1039714,1062469,1088021,1114116,1139099
"Population, male",SP.POP.TOTL.MA.IN,Brazil,BRA,97385186,98220331,99043431,99855752,100657516,101450192,102232088,102996239,103733160,104435783
"Population, male",SP.POP.TOTL.MA.IN,British Virgin Islands,VGB,..,..,..,..,..,..,..,..,..,..
"Population, male",SP.POP.TOTL.MA.IN,Brunei Darussalam,BRN,203743,206870,209997,213022,215828,218376,220728,222904,224982,226987
"Population, male",SP.POP.TOTL.MA.IN,Bulgaria,BGR,3578030,3556675,3535805,3514595,3491057,3465478,3439061,3413178,3388224,3363847
"Population, male",SP.POP.TOTL.MA.IN,Burkina Faso,BFA,7981454,8231729,8488213,8750631,9018772,9292515,9571848,9856874,10147774,10444713
"Population, male",SP.POP.TOTL.MA.IN,Burundi,BDI,4429454,4573301,4720469,4872574,5030735,5195257,5365496,5540530,5718988,5899864
"Population, male",SP.POP.TOTL.MA.IN,Cabo Verde,CPV,249767,253247,256559,259819,263070,266349,269626,272866,276036,279117
"Population, male",SP.POP.TOTL.MA.IN,Cambodia,KHM,7087005,7205612,7326766,7448809,7570441,7691291,7811386,7930228,8047364,8162424
"Population, male",SP.POP.TOTL.MA.IN,Cameroon,CMR,10438338,10729397,11026877,11330730,11640880,11957213,12279497,12607251,12939928,13277075
"Population, male",SP.POP.TOTL.MA.IN,Canada,CAN,17035831,17219264,17399107,17572607,17703599,17906490,18125530,18387468,18654019,18862750
"Population, male",SP.POP.TOTL.MA.IN,Caribbean small states,CSS,3423521,3448594,3473834,3498728,3522849,3546027,3568256,3589560,3609947,3629472
"Population, male",SP.POP.TOTL.MA.IN,Cayman Islands,CYM,..,..,..,..,..,..,..,..,..,..
"Population, male",SP.POP.TOTL.MA.IN,Central African Republic,CAF,2187973,2197286,2203461,2211896,2226565,2248836,2277876,2312820,2351973,2394042
"Population, male",SP.POP.TOTL.MA.IN,Central Europe and the Baltics,CEB,50312524,50217263,50132475,50048426,49950445,49835495,49720890,49628170,49563822,49493753
"Population, male",SP.POP.TOTL.MA.IN,Chad,TCD,6166545,6378518,6596372,6817947,7041734,7267235,7495003,7725723,7960522,8200170
"Population, male",SP.POP.TOTL.MA.IN,Channel Islands,CHI,79367,79947,80479,81045,81716,82514,83410,84346,85254,86070
"Population, male",SP.POP.TOTL.MA.IN,Chile,CHL,8481053,8562870,8647028,8739824,8844800,8965258,9097252,9228416,9341774,9425669
"Population, male",SP.POP.TOTL.MA.IN,China,CHN,690707252,694017710,697356463,700776622,704210775,707884097,711687182,714757755,717118675,719160951
"Population, male",SP.POP.TOTL.MA.IN,Colombia,COL,22374122,22575015,22780030,23013034,23288781,23618154,23990081,24370780,24713193,24984564
"Population, male",SP.POP.TOTL.MA.IN,Comoros,COM,356188,364951,373895,382953,392089,401274,410522,419834,429210,438653
"Population, male",SP.POP.TOTL.MA.IN,"Congo, Dem. Rep.",COD,33244602,34385069,35561914,36773965,38019960,39299343,40610874,41951875,43319103,44710172
"Population, male",SP.POP.TOTL.MA.IN,"Congo, Rep.",COG,2188038,2246780,2304083,2362141,2422571,2485795,2551316,2618741,2687358,2756678
"Population, male",SP.POP.TOTL.MA.IN,Costa Rica,CRI,2320217,2347235,2373809,2399916,2425530,2450639,2475235,2499229,2522539,2545076
"Population, male",SP.POP.TOTL.MA.IN,Cote d'Ivoire,CIV,10668125,10921921,11187178,11462641,11747319,12041040,12343867,12655166,12974206,13300380
"Population, male",SP.POP.TOTL.MA.IN,Croatia,HRV,2061076,2053880,2047224,2038228,2021330,2007658,1984597,1968189,1958675,1951295
"Population, male",SP.POP.TOTL.MA.IN,Cuba,CUB,5587410,5596451,5608387,5619691,5627750,5631930,5632956,5631334,5627928,5623468
"Population, male",SP.POP.TOTL.MA.IN,Curacao,CUW,69169,69676,70447,71405,72374,73184,73468,73142,72336,71290
"Population, male",SP.POP.TOTL.MA.IN,Cyprus,CYP,561358,566741,571805,576673,581395,586030,590551,594975,599297,603514
"Population, male",SP.POP.TOTL.MA.IN,Czech Republic,CZE,5155257,5163916,5165713,5171045,5181793,5193218,5209106,5229012,5252093,5267556
"Population, male",SP.POP.TOTL.MA.IN,Denmark,DNK,2765430,2777284,2790261,2805574,2826216,2848688,2867015,2880932,2890825,2898848
"Population, male",SP.POP.TOTL.MA.IN,Djibouti,DJI,455731,463209,469898,476395,483117,490177,497397,504712,511947,518993
"Population, male",SP.POP.TOTL.MA.IN,Dominica,DMA,..,..,..,..,..,..,..,..,..,..
"Population, male",SP.POP.TOTL.MA.IN,Dominican Republic,DOM,4922526,4979010,5035367,5091526,5147367,5202940,5258174,5312745,5366198,5418206
"Population, male",SP.POP.TOTL.MA.IN,Early-demographic dividend,EAR,1504506956,1526119805,1547611615,1569047495,1590458235,1611824840,1633112666,1654363982,1675585189,1696749093
"Population, male",SP.POP.TOTL.MA.IN,East Asia & Pacific,EAS,1127516687,1135074668,1142606989,1150212990,1157776518,1165472468,1173146691,1180022882,1186060822,1191510294
"Population, male",SP.POP.TOTL.MA.IN,East Asia & Pacific (excluding high income),EAP,1008192171,1015395642,1022620517,1029885985,1037098728,1044472863,1051900345,1058521018,1064364698,1069826705
"Population, male",SP.POP.TOTL.MA.IN,East Asia & Pacific (IDA & IBRD),TEA,996134758,1003273994,1010433866,1017634808,1024784478,1032097018,1039464077,1046025690,1051811936,1057218326
"Population, male",SP.POP.TOTL.MA.IN,Ecuador,ECU,7635558,7749518,7865060,7986081,8114959,8253234,8399038,8547198,8690487,8823827
"Population, male",SP.POP.TOTL.MA.IN,"Egypt, Arab Rep.",EGY,42706357,43668307,44674003,45697164,46717678,47729770,48735775,49733474,50722599,51702862
"Population, male",SP.POP.TOTL.MA.IN,El Salvador,SLV,2934825,2943739,2953270,2963437,2974229,2985690,2997810,3010428,3023353,3036424
"Population, male",SP.POP.TOTL.MA.IN,Equatorial Guinea,GNQ,539066,565317,591998,618927,645986,673070,700114,727054,753823,780380
"Population, male",SP.POP.TOTL.MA.IN,Eritrea,ERI,1606564,..,..,..,..,..,..,..,..,..
"Population, male",SP.POP.TOTL.MA.IN,Estonia,EST,618522,616624,614840,613871,615261,616810,619230,623201,627216,630596
"Population, male",SP.POP.TOTL.MA.IN,Eswatini,SWZ,506888,512379,518539,525208,532230,539597,547278,555082,562790,570236
"Population, male",SP.POP.TOTL.MA.IN,Ethiopia,ETH,44989927,46300213,47648725,49021687,50408589,51805857,53214725,54635264,56069008,57516835
"Population, male",SP.POP.TOTL.MA.IN,Euro area,EMU,163675717,164038344,164602499,165191474,165738959,166294538,166743078,167215216,167462493,167875108
"Population, male",SP.POP.TOTL.MA.IN,Europe & Central Asia,ECS,429243027,431081865,433259244,435508951,437768731,439996058,442006421,443875171,445402395,446891084
"Population, male",SP.POP.TOTL.MA.IN,Europe & Central Asia (excluding high income),ECA,190222300,191339511,192596725,193872080,195182025,196452612,197642128,198704192,199667491,200461342
"Population, male",SP.POP.TOTL.MA.IN,Europe & Central Asia (IDA & IBRD),TEC,210692497,211812367,213063636,214326916,215615053,216867241,218035637,219078474,220024361,220801007
"Population, male",SP.POP.TOTL.MA.IN,European Union,EUU,214871763,215213760,215769561,216356172,216893201,217436570,217873273,218331047,218568655,218949604
"Population, male",SP.POP.TOTL.MA.IN,Faroe Islands,FRO,..,..,..,..,..,..,..,..,..,..
"Population, male",SP.POP.TOTL.MA.IN,Fiji,FJI,440532,440958,440759,440707,441372,442913,445150,447925,450959,454018
"Population, male",SP.POP.TOTL.MA.IN,Finland,FIN,2645901,2660106,2673973,2686568,2696829,2705857,2713357,2718009,2722008,2727475
"Population, male",SP.POP.TOTL.MA.IN,Fragile and conflict affected situations,FCS,375526359,385051201,394757336,404523604,414273323,423954103,433612624,443426601,453609292,464313679
"Population, male",SP.POP.TOTL.MA.IN,France,FRA,31656533,31814442,31981566,32133948,32245927,32324929,32409436,32487909,32550240,32614238
"Population, male",SP.POP.TOTL.MA.IN,French Polynesia,PYF,136865,137290,137701,138151,138667,139274,139968,140712,141492,142261
"Population, male",SP.POP.TOTL.MA.IN,Gabon,GAB,853930,888349,923796,958672,991831,1022809,1051835,1079376,1106192,1132854
"Population, male",SP.POP.TOTL.MA.IN,"Gambia, The",GMB,917082,945203,974246,1004095,1034700,1066028,1098096,1130877,1164364,1198540
"Population, male",SP.POP.TOTL.MA.IN,Georgia,GEO,1790352,1778218,1774019,1775779,1779006,1779921,1779524,1777890,1773854,1770080
"Population, male",SP.POP.TOTL.MA.IN,Germany,DEU,39371978,39469223,39601642,39795381,40175001,40540539,40737032,40905408,41039660,41147289
"Population, male",SP.POP.TOTL.MA.IN,Ghana,GHA,12844636,13156379,13469420,13785234,14104836,14428231,14754799,15084235,15416086,15749999
"Population, male",SP.POP.TOTL.MA.IN,Gibraltar,GIB,..,..,..,..,..,..,..,..,..,..
"Population, male",SP.POP.TOTL.MA.IN,Greece,GRC,5451489,5420637,5381647,5346628,5311962,5289903,5279194,5268106,5262306,5259387
"Population, male",SP.POP.TOTL.MA.IN,Greenland,GRL,..,..,..,..,..,..,..,..,..,..
"Population, male",SP.POP.TOTL.MA.IN,Grenada,GRD,53965,54288,54624,54961,55289,55598,55891,56162,56426,56666
"Population, male",SP.POP.TOTL.MA.IN,Guam,GUM,81093,81175,81328,81556,81917,82410,83029,83723,84437,85140
"Population, male",SP.POP.TOTL.MA.IN,Guatemala,GTM,7135035,7265171,7396093,7527272,7658027,7788565,7918969,8049345,8178496,8306203
"Population, male",SP.POP.TOTL.MA.IN,Guinea,GIN,4969530,5083247,5202759,5332362,5474968,5631807,5801506,5981068,6166075,6353234
"Population, male",SP.POP.TOTL.MA.IN,Guinea-Bissau,GNB,758360,779433,801147,823339,845894,868732,891865,915245,938863,962695
"Population, male",SP.POP.TOTL.MA.IN,Guyana,GUY,373314,375458,378137,380976,383717,386262,388678,390999,393271,395549
"Population, male",SP.POP.TOTL.MA.IN,Haiti,HTI,4983003,5058344,5133166,5207006,5279570,5350621,5420284,5489045,5557596,5626445
"Population, male",SP.POP.TOTL.MA.IN,Heavily indebted poor countries (HIPC),HPC,319462586,328652723,338136792,347878880,357849655,368045691,378466319,389086663,399876902,410815222
"Population, male",SP.POP.TOTL.MA.IN,High income,HIC,575219667,578840507,582443333,586145080,589802410,593504724,596849921,599997524,602706383,604988295
"Population, male",SP.POP.TOTL.MA.IN,Honduras,HND,4231000,4311692,4391237,4470384,4549686,4629297,4709093,4789031,4868994,4948880
"Population, male",SP.POP.TOTL.MA.IN,"Hong Kong SAR, China",HKG,3315094,3342076,3346624,3361767,3382217,3395092,3412711,3432494,3451238,3432698
"Population, male",SP.POP.TOTL.MA.IN,Hungary,HUN,4732572,4709560,4698182,4687178,4677655,4665398,4654465,4649998,4649391,4640848
"Population, male",SP.POP.TOTL.MA.IN,IBRD only,IBD,2266774143,2289176686,2311684817,2334069976,2356182806,2378183521,2399918724,2420461171,2439835191,2458432143
"Population, male",SP.POP.TOTL.MA.IN,Iceland,ISL,160659,161373,162722,164368,165975,168264,172279,177025,181038,184050
"Population, male",SP.POP.TOTL.MA.IN,IDA & IBRD total,IBT,2965920151,3004022778,3042536471,3081331580,3120323486,3159676209,3199206133,3238000559,3276079997,3313792876
"Population, male",SP.POP.TOTL.MA.IN,IDA blend,IDB,236837217,242456484,248188787,254042891,260009557,266077999,272233475,278482055,284824227,291234174
"Population, male",SP.POP.TOTL.MA.IN,IDA only,IDX,462308791,472389608,482662867,493218713,504131123,515414689,527053934,539057333,551420579,564126559
"Population, male",SP.POP.TOTL.MA.IN,IDA total,IDA,699146008,714846092,730851654,747261604,764140680,781492688,799287409,817539388,836244806,855360733
"Population, male",SP.POP.TOTL.MA.IN,India,IND,650436593,658420351,666165661,673747770,681223332,688604687,695880522,703055580,710129572,717100970
"Population, male",SP.POP.TOTL.MA.IN,Indonesia,IDN,123499269,125181058,126855422,128509365,130132842,131720864,133272786,134788497,136269761,137717861
"Population, male",SP.POP.TOTL.MA.IN,"Iran, Islamic Rep.",IRN,37622122,38112878,38640056,39184203,39730143,40274534,40818986,41358895,41889890,42408406
"Population, male",SP.POP.TOTL.MA.IN,Iraq,IRQ,15520711,16111683,16755233,17393213,17983741,18512965,18993936,19444067,19891814,20357778
"Population, male",SP.POP.TOTL.MA.IN,Ireland,IRL,2273238,2280451,2290372,2305716,2327061,2354000,2381248,2412947,2448139,2479611
"Population, male",SP.POP.TOTL.MA.IN,Isle of Man,IMN,..,..,..,..,..,..,..,..,..,..
"Population, male",SP.POP.TOTL.MA.IN,Israel,ISR,3837807,3912366,3989533,4070471,4155479,4241160,4327497,4414918,4503237,4587522
"Population, male",SP.POP.TOTL.MA.IN,Italy,ITA,28732398,28822965,29180255,29473355,29467922,29438983,29415238,29379072,29061567,28995732
"Population, male",SP.POP.TOTL.MA.IN,Jamaica,JAM,1405569,1413582,1421484,1429206,1436700,1443917,1450841,1457453,1463720,1469641
"Population, male",SP.POP.TOTL.MA.IN,Japan,JPN,62510675,62396539,62294204,62200548,62124278,62043043,61932014,61797750,61659571,61440347
"Population, male",SP.POP.TOTL.MA.IN,Jordan,JOR,3900602,4111005,4322900,4520824,4693410,4836733,4952772,5043481,5113215,5165979
"Population, male",SP.POP.TOTL.MA.IN,Kazakhstan,KAZ,8006532,8122815,8242815,8367513,8493748,8619219,8741668,8861980,8981438,9102132
"Population, male",SP.POP.TOTL.MA.IN,Kenya,KEN,21441112,22021761,22607797,23195580,23782609,24367251,24950142,25533874,26122382,26718527
"Population, male",SP.POP.TOTL.MA.IN,Kiribati,KIR,51517,52292,53020,53740,54491,55278,56087,56938,57822,58744
"Population, male",SP.POP.TOTL.MA.IN,"Korea, Dem. People's Rep.",PRK,12057413,12121648,12186651,12251177,12314250,12375845,12436268,12495328,12552762,12608379
"Population, male",SP.POP.TOTL.MA.IN,"Korea, Rep.",KOR,25019009,25151510,25267949,25428291,25562160,25661177,25729091,25846211,25891693,25921864
"Population, male",SP.POP.TOTL.MA.IN,Kosovo,XKX,..,..,..,..,..,..,..,..,..,..
"Population, male",SP.POP.TOTL.MA.IN,Kuwait,KWT,1832247,1940367,2050222,2156738,2255989,2346661,2428715,2501082,2563055,2614446
"Population, male",SP.POP.TOTL.MA.IN,Kyrgyz Republic,KGZ,2725184,2771607,2828269,2886649,2947391,3008277,3066892,3128214,3193863,3260615
"Population, male",SP.POP.TOTL.MA.IN,Lao PDR,LAO,3154710,3210999,3267829,3324639,3381013,3436670,3491532,3545623,3599028,3651794
"Population, male",SP.POP.TOTL.MA.IN,Late-demographic dividend,LTE,1108576415,1115166580,1121802192,1128508376,1135203591,1142149857,1149161861,1155245775,1160448162,1164984895
"Population, male",SP.POP.TOTL.MA.IN,Latin America & Caribbean,LCN,293783090,296947305,300078028,303159764,306193556,309175680,312100626,314953330,317822784,320647738
"Population, male",SP.POP.TOTL.MA.IN,Latin America & Caribbean (excluding high income),LAC,266322528,269185170,272038498,274926002,277873201,280898638,283978796,287047338,290011062,292804597
"Population, male",SP.POP.TOTL.MA.IN,Latin America & Caribbean (IDA & IBRD),TLA,285949718,289123928,292260787,295357665,298411882,301421281,304384775,307303433,310177858,313008282
"Population, male",SP.POP.TOTL.MA.IN,Latvia,LVA,943129,931522,921725,913405,906491,899037,892116,886304,881209,876409
"Population, male",SP.POP.TOTL.MA.IN,Least developed countries: UN classification,LDC,426167342,436187396,446489793,457068998,467918543,479041285,490434984,502079123,513945731,526010581
"Population, male",SP.POP.TOTL.MA.IN,Lebanon,LBN,2636642,2800438,2984100,3154600,3287820,3377146,3429311,3449884,3449246,3435746
"Population, male",SP.POP.TOTL.MA.IN,Lesotho,LSO,975951,983782,992872,1002448,1011929,1021145,1030162,1039049,1047944,1056950
"Population, male",SP.POP.TOTL.MA.IN,Liberia,LBR,2012214,2072203,2129524,2186166,2243640,2302083,2361022,2420654,2481116,2542539
"Population, male",SP.POP.TOTL.MA.IN,Libya,LBY,3183328,3196569,3208236,3224186,3248490,3282817,3325600,3373758,3422619,3468737
"Population, male",SP.POP.TOTL.MA.IN,Liechtenstein,LIE,..,..,..,..,..,..,..,..,..,..
"Population, male",SP.POP.TOTL.MA.IN,Lithuania,LTU,1392825,1373912,1360334,1349379,1337721,1322120,1305326,1294538,1292438,1293501
"Population, male",SP.POP.TOTL.MA.IN,Low & middle income,LMY,2939804993,2977706487,3016056023,3054766875,3093784683,3133281862,3173053617,3212133376,3250435159,3288243181
"Population, male",SP.POP.TOTL.MA.IN,Low income,LIC,262290985,269208663,276234442,283433216,290855024,298506953,306383884,314507422,322899806,331571335
"Population, male",SP.POP.TOTL.MA.IN,Lower middle income,LMC,1489429956,1511887991,1534499131,1557177788,1580007872,1602935808,1625910403,1648917964,1671877791,1694770588
"Population, male",SP.POP.TOTL.MA.IN,Luxembourg,LUX,257987,264801,271572,278639,285878,292674,300425,306776,313268,319773
"Population, male",SP.POP.TOTL.MA.IN,"Macao SAR, China",MAC,264555,270883,277154,283190,288841,294035,298830,303321,307706,312100
"Population, male",SP.POP.TOTL.MA.IN,Madagascar,MDG,10832943,11135051,11443331,11758685,12081791,12412889,12751850,13098600,13452929,13814619
"Population, male",SP.POP.TOTL.MA.IN,Malawi,MWI,7363506,7578989,7799458,8023484,8250134,8478682,8709558,8944330,9185278,9434037
"Population, male",SP.POP.TOTL.MA.IN,Malaysia,MYS,14780918,14992118,15190442,15385727,15585167,15790718,16000312,16212181,16423164,16630813
"Population, male",SP.POP.TOTL.MA.IN,Maldives,MDV,210247,223632,238587,254672,271367,288938,306973,323527,336070,342928
"Population, male",SP.POP.TOTL.MA.IN,Mali,MLI,7752072,7986050,8222328,8465828,8720125,8986333,9263399,9550134,9844537,10145174
"Population, male",SP.POP.TOTL.MA.IN,Malta,MLT,206885,209132,212506,217176,222723,228085,234531,242929,252711,263416
"Population, male",SP.POP.TOTL.MA.IN,Marshall Islands,MHL,..,..,..,..,..,..,..,..,..,..
"Population, male",SP.POP.TOTL.MA.IN,Mauritania,MRT,1800006,1854815,1911187,1968829,2027548,2087250,2147920,2209465,2271843,2334981
"Population, male",SP.POP.TOTL.MA.IN,Mauritius,MUS,620784,622483,623789,624771,625354,625421,625535,625349,625016,624506
"Population, male",SP.POP.TOTL.MA.IN,Mexico,MEX,56609424,57375324,58125266,58863834,59594171,60315359,61024503,61720819,62403393,63071486
"Population, male",SP.POP.TOTL.MA.IN,"Micronesia, Fed. Sts.",FSM,52511,53060,53800,54589,55343,56026,56668,57272,57867,58480
"Population, male",SP.POP.TOTL.MA.IN,Middle East & North Africa,MEA,203472433,207725068,211938124,216122646,220285747,224410269,228484340,232545599,236607153,240679656
"Population, male",SP.POP.TOTL.MA.IN,Middle East & North Africa (excluding high income),MNA,170657465,173805977,177033154,180281373,183509858,186695911,189848054,193022926,196265046,199610776
"Population, male",SP.POP.TOTL.MA.IN,Middle East & North Africa (IDA & IBRD),TMN,168687439,171786649,174964613,178163674,181343129,184480158,187588110,190705377,193888873,197174998
"Population, male",SP.POP.TOTL.MA.IN,Middle income,MIC,2677514008,2708497824,2739821581,2771333659,2802929659,2834774909,2866669733,2897625954,2927535353,2956671846
"Population, male",SP.POP.TOTL.MA.IN,Moldova,MDA,1375384,1375322,1374779,1373537,1362196,1345926,1322475,1298980,1276440,1253731
"Population, male",SP.POP.TOTL.MA.IN,Monaco,MCO,..,..,..,..,..,..,..,..,..,..
"Population, male",SP.POP.TOTL.MA.IN,Mongolia,MNG,1373060,1399039,1426337,1454226,1482075,1509700,1537060,1563881,1589932,1615039
"Population, male",SP.POP.TOTL.MA.IN,Montenegro,MNE,306343,306681,307025,307342,307537,307637,307690,307635,307559,307426
"Population, male",SP.POP.TOTL.MA.IN,Morocco,MAR,16172843,16415742,16668892,16922959,17171039,17410483,17642593,17869042,18093063,18316887
"Population, male",SP.POP.TOTL.MA.IN,Mozambique,MOZ,11676141,12010643,12356719,12716664,13092038,13483761,13891296,14312882,14745851,15188235
"Population, male",SP.POP.TOTL.MA.IN,Myanmar,MMR,24579872,24780911,24992008,25198879,25391577,25566371,25727603,25883168,26044666,26220190
"Population, male",SP.POP.TOTL.MA.IN,Namibia,NAM,1042644,1061377,1080421,1100048,1120450,1141681,1163627,1186111,1208862,1231683
"Population, male",SP.POP.TOTL.MA.IN,Nauru,NRU,..,..,..,..,..,..,..,..,..,..
"Population, male",SP.POP.TOTL.MA.IN,Nepal,NPL,13163821,12944612,12695455,12494455,12397963,12423456,12554958,12773619,13046953,13348435
"Population, male",SP.POP.TOTL.MA.IN,Netherlands,NLD,8291175,8323365,8349389,8381341,8421098,8469359,8523546,8577740,8638222,8689737
"Population, male",SP.POP.TOTL.MA.IN,New Caledonia,NCL,128171,130551,132930,135164,135482,135760,136012,136242,136463,136697
"Population, male",SP.POP.TOTL.MA.IN,New Zealand,NZL,2153547,2166172,2183492,2220504,2266440,2317979,2366755,2409244,2447625,2498971
"Population, male",SP.POP.TOTL.MA.IN,Nicaragua,NIC,2907877,2947287,2987133,3027167,3067180,3107130,3146999,3186671,3225984,3264849
"Population, male",SP.POP.TOTL.MA.IN,Niger,NER,8558352,8905048,9266489,9641594,10029627,10430601,10844944,11272809,11714461,12170165
"Population, male",SP.POP.TOTL.MA.IN,Nigeria,NGA,82359450,84619358,86936474,89305034,91720564,94181382,96687405,99237728,101831874,104469637
"Population, male",SP.POP.TOTL.MA.IN,North America,NAC,170959306,172326917,173639245,175012502,176346811,177732307,178984962,180106961,181116647,181897373
"Population, male",SP.POP.TOTL.MA.IN,North Macedonia,MKD,1036009,1037176,1038356,1039453,1040400,1041178,1041785,1042177,1042305,1042131
"Population, male",SP.POP.TOTL.MA.IN,Northern Mariana Islands,MNP,..,..,..,..,..,..,..,..,..,..
"Population, male",SP.POP.TOTL.MA.IN,Norway,NOR,2480019,2516701,2551015,2583343,2612219,2637977,2661622,2681209,2701173,2718873
"Population, male",SP.POP.TOTL.MA.IN,OECD members,OED,637864076,641919620,646146300,650588300,655028079,659575457,663863564,667971203,671497318,674589688
"Population, male",SP.POP.TOTL.MA.IN,Oman,OMN,1999076,2192184,2399526,2601347,2782946,2939430,3073360,3186774,3284448,3370230
"Population, male",SP.POP.TOTL.MA.IN,Other small states,OSS,13949889,14293864,14620879,14946218,15281519,15625882,15977847,16330989,16672611,16994738
"Population, male",SP.POP.TOTL.MA.IN,Pacific island small states,PSS,1091428,1104444,1117499,1131146,1145766,1161494,1178152,1195598,1213558,1231801
"Population, male",SP.POP.TOTL.MA.IN,Pakistan,PAK,94423091,96432134,98463549,100530360,102640691,104797415,106993868,109216763,111447581,113672007
"Population, male",SP.POP.TOTL.MA.IN,Palau,PLW,..,..,..,..,..,..,..,..,..,..
"Population, male",SP.POP.TOTL.MA.IN,Panama,PAN,1861632,1893184,1925038,1957375,1990332,2023943,2058070,2092386,2126434,2159880
"Population, male",SP.POP.TOTL.MA.IN,Papua New Guinea,PNG,3803431,3885971,3968038,4050613,4134389,4219461,4305516,4392433,4480011,4568072
"Population, male",SP.POP.TOTL.MA.IN,Paraguay,PRY,3222514,3267598,3313067,3358510,3403641,3448402,3492882,3537049,3580888,3624360
"Population, male",SP.POP.TOTL.MA.IN,Peru,PER,14582608,14690302,14808670,14953138,15133365,15355661,15613255,15886587,16148241,16378606
"Population, male",SP.POP.TOTL.MA.IN,Philippines,PHL,48204861,49014342,49820011,50613448,51388760,52143341,52879298,53601223,54316072,55028825
"Population, male",SP.POP.TOTL.MA.IN,Poland,POL,18409121,18418976,18419687,18416608,18411698,18406971,18408912,18406093,18398195,18388370
"Population, male",SP.POP.TOTL.MA.IN,Portugal,PRT,5040201,5007718,4969080,4932800,4905105,4884985,4870967,4863018,4865092,4875534
"Population, male",SP.POP.TOTL.MA.IN,Post-demographic dividend,PST,528303588,530615402,533044505,535588081,538106960,540638013,542795528,544804888,546367673,547662835
"Population, male",SP.POP.TOTL.MA.IN,Pre-demographic dividend,PRE,376167932,387375912,398942936,410774143,422799582,434998944,447388399,459977401,472787364,485833988
"Population, male",SP.POP.TOTL.MA.IN,Puerto Rico,PRI,1766244,1744132,1722917,1693208,1661469,1626878,1584730,1518437,1515479,1513391
"Population, male",SP.POP.TOTL.MA.IN,Qatar,QAT,1561729,1683807,1786771,1874509,1950209,2012920,2061731,2100301,2133521,2165135
"Population, male",SP.POP.TOTL.MA.IN,Romania,ROU,9784146,9746146,9717464,9687855,9646524,9592109,9534855,9475305,9421735,9377465
"Population, male",SP.POP.TOTL.MA.IN,Russian Federation,RUS,66276541,66369578,66498022,66634909,66759858,66874340,66950259,66948494,66923538,66791922
"Population, male",SP.POP.TOTL.MA.IN,Rwanda,RWA,5047258,5174925,5305369,5440792,5582648,5731380,5886063,6045057,6206086,6367431
"Population, male",SP.POP.TOTL.MA.IN,Samoa,WSM,96766,97624,98502,99329,100037,100606,101061,101484,102004,102703
"Population, male",SP.POP.TOTL.MA.IN,San Marino,SMR,..,..,..,..,..,..,..,..,..,..
"Population, male",SP.POP.TOTL.MA.IN,Sao Tome and Principe,STP,92309,94271,96111,97920,99772,101666,103610,105593,107611,109675
"Population, male",SP.POP.TOTL.MA.IN,Saudi Arabia,SAU,15932439,16461890,17001886,17533215,18040933,18521330,18975120,19397336,19783532,20131308
"Population, male",SP.POP.TOTL.MA.IN,Senegal,SEN,6342360,6518704,6701738,6891927,7089488,7294613,7506779,7724650,7946433,8170785
"Population, male",SP.POP.TOTL.MA.IN,Serbia,SRB,3545877,3529003,3511922,3495362,3477898,3459406,3440594,3421300,3402415,3383717
"Population, male",SP.POP.TOTL.MA.IN,Seychelles,SYC,45210,45653,46440,47082,48073,48673,49240,49683,50107,50502
"Population, male",SP.POP.TOTL.MA.IN,Sierra Leone,SLE,3266960,3342193,3418471,3495714,3573849,3653177,3733925,3815797,3898350,3981239
"Population, male",SP.POP.TOTL.MA.IN,Singapore,SGP,2709949,2780596,2826421,2862740,2896581,2934565,2937348,2951389,2985477,2976134
"Population, male",SP.POP.TOTL.MA.IN,Sint Maarten (Dutch part),SXM,..,..,..,..,..,..,..,..,..,..
"Population, male",SP.POP.TOTL.MA.IN,Slovak Republic,SVK,2619193,2624484,2628235,2631831,2635474,2640131,2645557,2650490,2655118,2658082
"Population, male",SP.POP.TOTL.MA.IN,Slovenia,SVN,1018653,1021568,1023266,1024431,1025441,1026565,1027665,1031862,1039528,1045784
"Population, male",SP.POP.TOTL.MA.IN,Small states,SST,18464838,18846902,19212212,19576092,19950134,20333403,20724255,21116147,21496116,21856011
"Population, male",SP.POP.TOTL.MA.IN,Solomon Islands,SLB,275048,282449,290265,298355,306577,314912,323376,331947,340582,349262
"Population, male",SP.POP.TOTL.MA.IN,Somalia,SOM,6180205,6347724,6519803,6697812,6882856,7075493,7275858,7484099,7700196,7924087
"Population, male",SP.POP.TOTL.MA.IN,South Africa,ZAF,25662032,26075395,26500317,26924050,27337004,27735713,28121437,28495093,28859302,29216012
"Population, male",SP.POP.TOTL.MA.IN,South Asia,SAS,859732708,870898645,881952899,892944581,903928228,914945422,925962005,936948250,947832144,958619651
"Population, male",SP.POP.TOTL.MA.IN,South Asia (IDA & IBRD),TSA,859732708,870898645,881952899,892944581,903928228,914945422,925962005,936948250,947832144,958619651
"Population, male",SP.POP.TOTL.MA.IN,South Sudan,SSD,4914724,5057131,5178650,5279348,5360486,5419653,5459493,5492758,5536530,5603014
"Population, male",SP.POP.TOTL.MA.IN,Spain,ESP,23080992,23062475,22948578,22845827,22804740,22814173,22869416,22979269,23155556,23271636
"Population, male",SP.POP.TOTL.MA.IN,Sri Lanka,LKA,9909583,9900223,9956946,10031412,10107534,10205812,10310132,10408791,10463418,10509851
"Population, male",SP.POP.TOTL.MA.IN,St. Kitts and Nevis,KNA,..,..,..,..,..,..,..,..,..,..
"Population, male",SP.POP.TOTL.MA.IN,St. Lucia,LCA,86419,86985,87410,87806,88211,88655,89117,89580,90021,90422
"Population, male",SP.POP.TOTL.MA.IN,St. Martin (French part),MAF,..,..,..,..,..,..,..,..,..,..
"Population, male",SP.POP.TOTL.MA.IN,St. Vincent and the Grenadines,VCT,55177,55259,55359,55469,55581,55709,55841,55977,56097,56218
"Population, male",SP.POP.TOTL.MA.IN,Sub-Saharan Africa,SSF,444723031,457127195,469860670,482903936,496240716,509865089,523771529,537939335,552344825,566970612
"Population, male",SP.POP.TOTL.MA.IN,Sub-Saharan Africa (excluding high income),SSA,444677821,457081542,469814230,482856854,496192643,509816416,523722289,537889652,552294718,566920110
"Population, male",SP.POP.TOTL.MA.IN,Sub-Saharan Africa (IDA & IBRD),TSS,444723031,457127195,469860670,482903936,496240716,509865089,523771529,537939335,552344825,566970612
"Population, male",SP.POP.TOTL.MA.IN,Sudan,SDN,17629958,18053320,18498015,18956886,19424627,19900230,20385466,20880946,21387956,21907295
"Population, male",SP.POP.TOTL.MA.IN,Suriname,SUR,269500,272492,275472,278425,281315,284150,286918,289623,292255,294822
"Population, male",SP.POP.TOTL.MA.IN,Sweden,SWE,4710414,4748979,4792726,4843615,4897969,4962512,5032184,5093124,5147024,5186267
"Population, male",SP.POP.TOTL.MA.IN,Switzerland,CHE,3900689,3946780,3996588,4049415,4099073,4146846,4187971,4220798,4252686,4284856
"Population, male",SP.POP.TOTL.MA.IN,Syrian Arab Republic,SYR,10632727,10303881,9869027,9430138,9065978,8789603,8592333,8504013,8554550,8760065
"Population, male",SP.POP.TOTL.MA.IN,Tajikistan,TJK,3884696,3974544,4067689,4164564,4265336,4370133,4478318,4588298,4697953,4805738
"Population, male",SP.POP.TOTL.MA.IN,Tanzania,TZA,22786199,23477351,24192894,24932610,25696138,26483706,27294920,28127996,28980621,29851108
"Population, male",SP.POP.TOTL.MA.IN,Thailand,THA,33067052,33199864,33327962,33448535,33559468,33660401,33751826,33833385,33904846,33966060
"Population, male",SP.POP.TOTL.MA.IN,Timor-Leste,TLS,562709,572770,583029,593658,604739,616338,628409,640854,653507,666242
"Population, male",SP.POP.TOTL.MA.IN,Togo,TGO,3273345,3362736,3453578,3545610,3638658,3732598,3827461,3923401,4020646,4119404
"Population, male",SP.POP.TOTL.MA.IN,Tonga,TON,51899,51449,50925,50518,50373,50554,50997,51613,52286,52904
"Population, male",SP.POP.TOTL.MA.IN,Trinidad and Tobago,TTO,661551,665646,669873,673957,677717,681087,684081,686702,688982,690947
"Population, male",SP.POP.TOTL.MA.IN,Tunisia,TUN,5349834,5394723,5439790,5488084,5541626,5601121,5665352,5732044,5797980,5860752
"Population, male",SP.POP.TOTL.MA.IN,Turkey,TUR,36112721,36708592,37340975,37993284,38650062,39313518,39978211,40611933,41173709,41636125
"Population, male",SP.POP.TOTL.MA.IN,Turkmenistan,TKM,2545627,2592296,2641299,2690987,2740070,2788087,2835084,2880941,2925688,2969310
"Population, male",SP.POP.TOTL.MA.IN,Turks and Caicos Islands,TCA,..,..,..,..,..,..,..,..,..,..
"Population, male",SP.POP.TOTL.MA.IN,Tuvalu,TUV,..,..,..,..,..,..,..,..,..,..
"Population, male",SP.POP.TOTL.MA.IN,Uganda,UGA,16425384,16956092,17516980,18121087,18775708,19487414,20248172,21032905,21807166,22546589
"Population, male",SP.POP.TOTL.MA.IN,Ukraine,UKR,21096145,21051832,21017385,20931533,20889479,20829908,20756848,20665692,20560867,20448913
"Population, male",SP.POP.TOTL.MA.IN,United Arab Emirates,ARE,6648748,6713315,6653157,6565277,6520854,6537834,6595482,6680357,6766806,6836349
"Population, male",SP.POP.TOTL.MA.IN,United Kingdom,GBR,31097291,31335746,31567929,31822154,32094826,32356947,32594185,32807966,33008768,33211017
"Population, male",SP.POP.TOTL.MA.IN,United States,USA,153923475,155107653,156240138,157439895,158643212,159825817,160859432,161719493,162462628,163034623
"Population, male",SP.POP.TOTL.MA.IN,Upper middle income,UMC,1188084052,1196609833,1205322450,1214155871,1222921787,1231839101,1240759330,1248707990,1255657562,1261901258
"Population, male",SP.POP.TOTL.MA.IN,Uruguay,URY,1623611,1628651,1633981,1639656,1645672,1652003,1658580,1665264,1671889,1678336
"Population, male",SP.POP.TOTL.MA.IN,Uzbekistan,UZB,14596073,14817043,15055008,15316098,15590813,15869714,16144643,16432782,16748694,17077485
"Population, male",SP.POP.TOTL.MA.IN,Vanuatu,VUT,123155,126612,130228,133908,137573,141205,144813,148419,152038,155690
"Population, male",SP.POP.TOTL.MA.IN,"Venezuela, RB",VEN,14405622,14634669,14835843,14953415,14953214,14810707,14553036,14260628,14045228,13984932
"Population, male",SP.POP.TOTL.MA.IN,Vietnam,VNM,44223191,44709156,45202060,45699141,46197466,46696272,47193015,47680864,48151352,48598254
"Population, male",SP.POP.TOTL.MA.IN,Virgin Islands (U.S.),VIR,51753,51654,51550,51448,51328,51207,51057,50893,50697,50488
"Population, male",SP.POP.TOTL.MA.IN,West Bank and Gaza,PSE,1970026,2019328,2068541,2117699,2166729,2215753,2259944,2317549,2376173,2435778
"Population, male",SP.POP.TOTL.MA.IN,World,WLD,3529430282,3571181663,3613335199,3655865370,3698540307,3741597293,3784456574,3826391528,3867186770,3907216408
"Population, male",SP.POP.TOTL.MA.IN,"Yemen, Rep.",YEM,12000931,12336651,12676362,13016979,13356196,13692908,14027299,14360014,14692284,15024985
"Population, male",SP.POP.TOTL.MA.IN,Zambia,ZMB,6926470,7147852,7379548,7617062,7857171,8098763,8342760,8590277,8843214,9103006
"Population, male",SP.POP.TOTL.MA.IN,Zimbabwe,ZWE,6139115,6240533,6349221,6459915,6568778,6674206,6777054,6879119,6983353,7092010
,,,,,,,,,,,,,
,,,,,,,,,,,,,
,,,,,,,,,,,,,
Data from database: Gender Statistics,,,,,,,,,,,,,
Last Updated: 09/27/2021,,,,,,,,,,,,,
